observableId	observableName	observableFormula	noiseFormula	observableTransformation	noiseDistribution	_noiseFormula
obs_cycA__nuc_median		sCCNA * _cell__CCNA	noiseParameter1 + noiseParameter2	lin	normal	noiseParameter1 + noiseParameter2 * _cell_CCNA
obs_cycB1__nuc_median		sCCNB * (_cell__CCNB_CDK1_Thr14_Tyr15u_ + _cell__CCNB_CDK1_Thr14_Tyr15p_)	noiseParameter1 + noiseParameter2	lin	normal	noiseParameter1 + noiseParameter2 * (_cell__CCNB_CDK1_Thr14_Tyr15u_ + _cell__CCNB_CDK1_Thr14_Tyr15p_)
obs_cycE__nuc_median		sCCNE * _cell__CCNE	noiseParameter1 + noiseParameter2	lin	normal	noiseParameter1 + noiseParameter2 * _cell__CCNE
obs_E2F1__nuc_median		sE2F * (_cell__E2F_DBD_RB1_Ser332u_ + _cell__E2F_DBD_RB1_Ser332p_ + _cell__E2F_DBD_RB1_1_Ser332u__RB1_E2F_1_Ser807_Ser811u_ + _cell__E2F_DBD_RB1_1_Ser332p__RB1_E2F_1_Ser807_Ser811u_ + _cell__CCNE_promoter_E2F_1__E2F_DBD_1_RB1_Ser332u_ + _cell__CCNA_promoter_E2F_1__E2F_DBD_1_RB1_Ser332u_ + _cell__E2F_DBD_1_RB1_Ser332u__E2F_promoter_E2F_1_ + _cell__E2F_DBD_1_RB1_Ser332u__FBXO5_promoter_E2F_1_ + _cell__E2F_DBD_1_RB1_Ser332u__FOXM1_promoter_E2F_1_)	noiseParameter1 + noiseParameter2	lin	normal	noiseParameter1 + noiseParameter2 * (_cell__E2F_DBD_RB1_Ser332u_ + _cell__E2F_DBD_RB1_Ser332p_ + _cell__E2F_DBD_RB1_1_Ser332u__RB1_E2F_1_Ser807_Ser811u_ + _cell__E2F_DBD_RB1_1_Ser332p__RB1_E2F_1_Ser807_Ser811u_ + _cell__CCNE_promoter_E2F_1__E2F_DBD_1_RB1_Ser332u_ + _cell__CCNA_promoter_E2F_1__E2F_DBD_1_RB1_Ser332u_ + _cell__E2F_DBD_1_RB1_Ser332u__E2F_promoter_E2F_1_ + _cell__E2F_DBD_1_RB1_Ser332u__FBXO5_promoter_E2F_1_ + _cell__E2F_DBD_1_RB1_Ser332u__FOXM1_promoter_E2F_1_)
obs_pRB__nuc_median		sRB1_pSer807Ser811 * (_cell__RB1_E2F_Ser807_Ser811p_)	noiseParameter1 + noiseParameter2	lin	normal	noiseParameter1 + noiseParameter2 * _cell__RB1_E2F_Ser807_Ser811p_
