	observableId	simulationConditionId	measurement	time
0	obs_cycA__nuc_median	wt	0.014056989999999998	0
1	obs_cycA__nuc_median	wt	0.014989312218593082	705
2	obs_cycA__nuc_median	wt	0.016504658393371233	1410
3	obs_cycA__nuc_median	wt	0.01850324088212951	2115
4	obs_cycA__nuc_median	wt	0.021006862809686805	2820
5	obs_cycA__nuc_median	wt	0.02408777872548261	3525
6	obs_cycA__nuc_median	wt	0.027811439472681602	4230
7	obs_cycA__nuc_median	wt	0.03220368254554495	4935
8	obs_cycA__nuc_median	wt	0.037239359077648734	5640
9	obs_cycA__nuc_median	wt	0.042853935712387235	6345
10	obs_cycA__nuc_median	wt	0.04896652332362263	7050
11	obs_cycA__nuc_median	wt	0.05549895429827403	7755
12	obs_cycA__nuc_median	wt	0.06238532920118957	8460
13	obs_cycA__nuc_median	wt	0.06957507265242535	9165
14	obs_cycA__nuc_median	wt	0.07703375423488022	9870
15	obs_cycA__nuc_median	wt	0.08474371957189392	10575
16	obs_cycA__nuc_median	wt	0.0927049679702116	11280
17	obs_cycA__nuc_median	wt	0.10093613463921924	11985
18	obs_cycA__nuc_median	wt	0.10947550522778715	12690
19	obs_cycA__nuc_median	wt	0.1183821515401282	13395
20	obs_cycA__nuc_median	wt	0.12773744665139372	14100
21	obs_cycA__nuc_median	wt	0.1376472295633671	14805
22	obs_cycA__nuc_median	wt	0.14824482157216212	15510
23	obs_cycA__nuc_median	wt	0.15969491853948994	16215
24	obs_cycA__nuc_median	wt	0.17219799286853257	16920
25	obs_cycA__nuc_median	wt	0.18599415077640838	17625
26	obs_cycA__nuc_median	wt	0.20136415975374566	18330
27	obs_cycA__nuc_median	wt	0.21862351925929965	19035
28	obs_cycA__nuc_median	wt	0.23810345634200578	19740
29	obs_cycA__nuc_median	wt	0.26011236955015443	20445
30	obs_cycA__nuc_median	wt	0.28487704074765235	21150
31	obs_cycA__nuc_median	wt	0.31247791740468306	21855
32	obs_cycA__nuc_median	wt	0.3428094340960488	22560
33	obs_cycA__nuc_median	wt	0.3755928675326012	23265
34	obs_cycA__nuc_median	wt	0.4104369849072799	23970
35	obs_cycA__nuc_median	wt	0.4469124136234008	24675
36	obs_cycA__nuc_median	wt	0.4846076582576042	25380
37	obs_cycA__nuc_median	wt	0.523157561480013	26085
38	obs_cycA__nuc_median	wt	0.5622509598963218	26790
39	obs_cycA__nuc_median	wt	0.6016273841614038	27495
40	obs_cycA__nuc_median	wt	0.6410696932339705	28200
41	obs_cycA__nuc_median	wt	0.6803962536378209	28905
42	obs_cycA__nuc_median	wt	0.7194539314268018	29610
43	obs_cycA__nuc_median	wt	0.7581123822161898	30315
44	obs_cycA__nuc_median	wt	0.7962595313333255	31020
45	obs_cycA__nuc_median	wt	0.8337980556583451	31725
46	obs_cycA__nuc_median	wt	0.870642652317379	32430
47	obs_cycA__nuc_median	wt	0.906717931504178	33135
48	obs_cycA__nuc_median	wt	0.9419567675385265	33840
49	obs_cycA__nuc_median	wt	0.9762989974815032	34545
50	obs_cycA__nuc_median	wt	1.009690393490413	35250
51	obs_cycA__nuc_median	wt	1.042081821511714	35955
52	obs_cycA__nuc_median	wt	1.0734285591789892	36660
53	obs_cycA__nuc_median	wt	1.1036897073083092	37365
54	obs_cycA__nuc_median	wt	1.1328276877388892	38070
55	obs_cycA__nuc_median	wt	1.1608077935777	38775
56	obs_cycA__nuc_median	wt	1.1875977735566519	39480
57	obs_cycA__nuc_median	wt	1.2131674237749979	40185
58	obs_cycA__nuc_median	wt	1.2374881907962016	40890
59	obs_cycA__nuc_median	wt	1.2605327383560054	41595
60	obs_cycA__nuc_median	wt	1.2822744826079269	42300
61	obs_cycA__nuc_median	wt	1.3026870624265925	43005
62	obs_cycA__nuc_median	wt	1.3217437202105276	43710
63	obs_cycA__nuc_median	wt	1.339416546986275	44415
64	obs_cycA__nuc_median	wt	1.3556755495246362	45120
65	obs_cycA__nuc_median	wt	1.3704874403769889	45825
66	obs_cycA__nuc_median	wt	1.3838140577875193	46530
67	obs_cycA__nuc_median	wt	1.3956102154724397	47235
68	obs_cycA__nuc_median	wt	1.4058207024695322	47940
69	obs_cycA__nuc_median	wt	1.4143759559880518	48645
70	obs_cycA__nuc_median	wt	1.4211855725877727	49350
71	obs_cycA__nuc_median	wt	1.426128167287791	50055
72	obs_cycA__nuc_median	wt	1.4290346790494008	50760
73	obs_cycA__nuc_median	wt	1.4296591113013855	51465
74	obs_cycA__nuc_median	wt	1.4276231053907686	52170
75	obs_cycA__nuc_median	wt	1.4222996334402536	52875
76	obs_cycA__nuc_median	wt	1.4125327472907467	53580
77	obs_cycA__nuc_median	wt	1.3958139788682637	54285
78	obs_cycA__nuc_median	wt	1.3650207221597415	54990
79	obs_cycA__nuc_median	wt	1.2920376825994995	55695
80	obs_cycA__nuc_median	wt	1.1275505485879238	56400
81	obs_cycA__nuc_median	wt	0.9022038047679071	57105
82	obs_cycA__nuc_median	wt	0.6799297352557799	57810
83	obs_cycA__nuc_median	wt	0.4937372726839216	58515
84	obs_cycA__nuc_median	wt	0.35018852609024487	59220
85	obs_cycA__nuc_median	wt	0.24439533951070358	59925
86	obs_cycA__nuc_median	wt	0.16842150242610984	60630
87	obs_cycA__nuc_median	wt	0.11480165205244511	61335
88	obs_cycA__nuc_median	wt	0.07777315073000264	62040
89	obs_cycA__nuc_median	wt	0.05315422161383708	62745
90	obs_cycA__nuc_median	wt	0.03757168068818444	63450
91	obs_cycA__nuc_median	wt	0.028108329483745968	64155
92	obs_cycA__nuc_median	wt	0.022427949628957906	64860
93	obs_cycA__nuc_median	wt	0.018886596860539055	65565
94	obs_cycA__nuc_median	wt	0.016494802529871042	66270
95	obs_cycA__nuc_median	wt	0.014790385808233799	66975
96	obs_cycA__nuc_median	wt	0.013642047850106387	67680
97	obs_cycA__nuc_median	wt	0.013026549671402904	68385
98	obs_cycA__nuc_median	wt	0.012889838365578887	69090
99	obs_cycA__nuc_median	wt	0.01312252500830816	69795
100	obs_cycA__nuc_median	wt	0.01356023572080963	70500
101	obs_cycB1__nuc_median	wt	0.018790556	0
102	obs_cycB1__nuc_median	wt	0.01963188242086016	705
103	obs_cycB1__nuc_median	wt	0.020493143472203386	1410
104	obs_cycB1__nuc_median	wt	0.021281044138958476	2115
105	obs_cycB1__nuc_median	wt	0.02207179333401449	2820
106	obs_cycB1__nuc_median	wt	0.02293789168929011	3525
107	obs_cycB1__nuc_median	wt	0.02394122891233553	4230
108	obs_cycB1__nuc_median	wt	0.02513694839856962	4935
109	obs_cycB1__nuc_median	wt	0.026573039352505174	5640
110	obs_cycB1__nuc_median	wt	0.028288180479537642	6345
111	obs_cycB1__nuc_median	wt	0.030310311494975713	7050
112	obs_cycB1__nuc_median	wt	0.03265695993614649	7755
113	obs_cycB1__nuc_median	wt	0.03533700288183834	8460
114	obs_cycB1__nuc_median	wt	0.03835314268867122	9165
115	obs_cycB1__nuc_median	wt	0.041704607164564526	9870
116	obs_cycB1__nuc_median	wt	0.04538988546471267	10575
117	obs_cycB1__nuc_median	wt	0.04940940510350948	11280
118	obs_cycB1__nuc_median	wt	0.05376809185502524	11985
119	obs_cycB1__nuc_median	wt	0.058477772405906195	12690
120	obs_cycB1__nuc_median	wt	0.06355941165504615	13395
121	obs_cycB1__nuc_median	wt	0.06904524670930395	14100
122	obs_cycB1__nuc_median	wt	0.074980920401639	14805
123	obs_cycB1__nuc_median	wt	0.08142773791609863	15510
124	obs_cycB1__nuc_median	wt	0.08846515007466121	16215
125	obs_cycB1__nuc_median	wt	0.09619345768860224	16920
126	obs_cycB1__nuc_median	wt	0.10473652736607032	17625
127	obs_cycB1__nuc_median	wt	0.11424391452084935	18330
128	obs_cycB1__nuc_median	wt	0.12489117567659498	19035
129	obs_cycB1__nuc_median	wt	0.13687645677336394	19740
130	obs_cycB1__nuc_median	wt	0.15041092047199975	20445
131	obs_cycB1__nuc_median	wt	0.16570165199593567	21150
132	obs_cycB1__nuc_median	wt	0.18292914437158644	21855
133	obs_cycB1__nuc_median	wt	0.20222635983404777	22560
134	obs_cycB1__nuc_median	wt	0.22366769037247794	23265
135	obs_cycB1__nuc_median	wt	0.24727048246684946	23970
136	obs_cycB1__nuc_median	wt	0.2730045844708514	24675
137	obs_cycB1__nuc_median	wt	0.30080323197676584	25380
138	obs_cycB1__nuc_median	wt	0.3305717982657053	26085
139	obs_cycB1__nuc_median	wt	0.3621941592687487	26790
140	obs_cycB1__nuc_median	wt	0.3955376235753707	27495
141	obs_cycB1__nuc_median	wt	0.4304572486068401	28200
142	obs_cycB1__nuc_median	wt	0.4667998435614508	28905
143	obs_cycB1__nuc_median	wt	0.5044076928895922	29610
144	obs_cycB1__nuc_median	wt	0.5431218340609618	30315
145	obs_cycB1__nuc_median	wt	0.5827847818164632	31020
146	obs_cycB1__nuc_median	wt	0.6232426470391728	31725
147	obs_cycB1__nuc_median	wt	0.6643466525939301	32430
148	obs_cycB1__nuc_median	wt	0.7059541176303762	33135
149	obs_cycB1__nuc_median	wt	0.7479289884981446	33840
150	obs_cycB1__nuc_median	wt	0.7901420079484988	34545
151	obs_cycB1__nuc_median	wt	0.8324706257768111	35250
152	obs_cycB1__nuc_median	wt	0.874798705864856	35955
153	obs_cycB1__nuc_median	wt	0.9170161193860308	36660
154	obs_cycB1__nuc_median	wt	0.9590182358031368	37365
155	obs_cycB1__nuc_median	wt	1.000705376927398	38070
156	obs_cycB1__nuc_median	wt	1.0419822432960613	38775
157	obs_cycB1__nuc_median	wt	1.0827573278587903	39480
158	obs_cycB1__nuc_median	wt	1.1229423058958974	40185
159	obs_cycB1__nuc_median	wt	1.1624514292376984	40890
160	obs_cycB1__nuc_median	wt	1.201200866750857	41595
161	obs_cycB1__nuc_median	wt	1.2391080082072703	42300
162	obs_cycB1__nuc_median	wt	1.2760906885508803	43005
163	obs_cycB1__nuc_median	wt	1.3120663013659895	43710
164	obs_cycB1__nuc_median	wt	1.346950735637549	44415
165	obs_cycB1__nuc_median	wt	1.3806570783411052	45120
166	obs_cycB1__nuc_median	wt	1.4130939400019218	45825
167	obs_cycB1__nuc_median	wt	1.444163271126574	46530
168	obs_cycB1__nuc_median	wt	1.4737573830669914	47235
169	obs_cycB1__nuc_median	wt	1.5017547725620963	47940
170	obs_cycB1__nuc_median	wt	1.528014064789765	48645
171	obs_cycB1__nuc_median	wt	1.5523648738709552	49350
172	obs_cycB1__nuc_median	wt	1.5745934305787843	50055
173	obs_cycB1__nuc_median	wt	1.5944187808149326	50760
174	obs_cycB1__nuc_median	wt	1.6114508429004717	51465
175	obs_cycB1__nuc_median	wt	1.625110582441924	52170
176	obs_cycB1__nuc_median	wt	1.6344619234104314	52875
177	obs_cycB1__nuc_median	wt	1.637806171206633	53580
178	obs_cycB1__nuc_median	wt	1.6314935982696943	54285
179	obs_cycB1__nuc_median	wt	1.6052811385751014	54990
180	obs_cycB1__nuc_median	wt	1.5202044316940035	55695
181	obs_cycB1__nuc_median	wt	1.3156613082568975	56400
182	obs_cycB1__nuc_median	wt	1.0422403620171954	57105
183	obs_cycB1__nuc_median	wt	0.784280061237356	57810
184	obs_cycB1__nuc_median	wt	0.5796097098979749	58515
185	obs_cycB1__nuc_median	wt	0.43070476577561617	59220
186	obs_cycB1__nuc_median	wt	0.3269265898285972	59925
187	obs_cycB1__nuc_median	wt	0.2557496048760441	60630
188	obs_cycB1__nuc_median	wt	0.20652789125692383	61335
189	obs_cycB1__nuc_median	wt	0.17126157223195776	62040
190	obs_cycB1__nuc_median	wt	0.14435787536280492	62745
191	obs_cycB1__nuc_median	wt	0.12204453699157909	63450
192	obs_cycB1__nuc_median	wt	0.10192237387404397	64155
193	obs_cycB1__nuc_median	wt	0.08287573764786242	64860
194	obs_cycB1__nuc_median	wt	0.06506557468152532	65565
195	obs_cycB1__nuc_median	wt	0.04954785319565645	66270
196	obs_cycB1__nuc_median	wt	0.037400775504464474	66975
197	obs_cycB1__nuc_median	wt	0.02893649634290856	67680
198	obs_cycB1__nuc_median	wt	0.023632569421530778	68385
199	obs_cycB1__nuc_median	wt	0.02060949936867653	69090
200	obs_cycB1__nuc_median	wt	0.019067127735762194	69795
201	obs_cycB1__nuc_median	wt	0.018494496156118808	70500
202	obs_cycE__nuc_median	wt	0.46449827999999993	0
203	obs_cycE__nuc_median	wt	0.5113320031009638	705
204	obs_cycE__nuc_median	wt	0.564415161103742	1410
205	obs_cycE__nuc_median	wt	0.6244890734456129	2115
206	obs_cycE__nuc_median	wt	0.692157606619209	2820
207	obs_cycE__nuc_median	wt	0.7674720782014749	3525
208	obs_cycE__nuc_median	wt	0.8493965777622028	4230
209	obs_cycE__nuc_median	wt	0.9353822601236153	4935
210	obs_cycE__nuc_median	wt	1.0213916917082175	5640
211	obs_cycE__nuc_median	wt	1.1025429200068795	6345
212	obs_cycE__nuc_median	wt	1.174118618707976	7050
213	obs_cycE__nuc_median	wt	1.2324613420874246	7755
214	obs_cycE__nuc_median	wt	1.2754434534851595	8460
215	obs_cycE__nuc_median	wt	1.3024919598617024	9165
216	obs_cycE__nuc_median	wt	1.3143168385449213	9870
217	obs_cycE__nuc_median	wt	1.312507922471176	10575
218	obs_cycE__nuc_median	wt	1.2991277789167477	11280
219	obs_cycE__nuc_median	wt	1.2763705941355867	11985
220	obs_cycE__nuc_median	wt	1.2463155315155765	12690
221	obs_cycE__nuc_median	wt	1.210774905256478	13395
222	obs_cycE__nuc_median	wt	1.1712222183302101	14100
223	obs_cycE__nuc_median	wt	1.128779454965127	14805
224	obs_cycE__nuc_median	wt	1.0842432643791489	15510
225	obs_cycE__nuc_median	wt	1.0381337214854907	16215
226	obs_cycE__nuc_median	wt	0.9907541971466977	16920
227	obs_cycE__nuc_median	wt	0.9422562982971343	17625
228	obs_cycE__nuc_median	wt	0.8927082651145977	18330
229	obs_cycE__nuc_median	wt	0.842168707335018	19035
230	obs_cycE__nuc_median	wt	0.790767860958977	19740
231	obs_cycE__nuc_median	wt	0.7387938280726843	20445
232	obs_cycE__nuc_median	wt	0.6867681593773508	21150
233	obs_cycE__nuc_median	wt	0.6354753223181889	21855
234	obs_cycE__nuc_median	wt	0.5859018131735767	22560
235	obs_cycE__nuc_median	wt	0.5390712638860492	23265
236	obs_cycE__nuc_median	wt	0.49583116458222315	23970
237	obs_cycE__nuc_median	wt	0.45669254806159476	24675
238	obs_cycE__nuc_median	wt	0.4217908872321143	25380
239	obs_cycE__nuc_median	wt	0.390956715564785	26085
240	obs_cycE__nuc_median	wt	0.3638342830432968	26790
241	obs_cycE__nuc_median	wt	0.3399907743513432	27495
242	obs_cycE__nuc_median	wt	0.3189903422393641	28200
243	obs_cycE__nuc_median	wt	0.30043297514504497	28905
244	obs_cycE__nuc_median	wt	0.283969053758711	29610
245	obs_cycE__nuc_median	wt	0.2693005997983654	30315
246	obs_cycE__nuc_median	wt	0.25617664303459453	31020
247	obs_cycE__nuc_median	wt	0.24438672394603048	31725
248	obs_cycE__nuc_median	wt	0.233754366589801	32430
249	obs_cycE__nuc_median	wt	0.22413129003403345	33135
250	obs_cycE__nuc_median	wt	0.21539245694005535	33840
251	obs_cycE__nuc_median	wt	0.20743200560801664	34545
252	obs_cycE__nuc_median	wt	0.20015991310148235	35250
253	obs_cycE__nuc_median	wt	0.19349927063109368	35955
254	obs_cycE__nuc_median	wt	0.1873840877094348	36660
255	obs_cycE__nuc_median	wt	0.181757484580635	37365
256	obs_cycE__nuc_median	wt	0.17657022535306502	38070
257	obs_cycE__nuc_median	wt	0.1717795207876534	38775
258	obs_cycE__nuc_median	wt	0.16734803486664138	39480
259	obs_cycE__nuc_median	wt	0.16324306128919025	40185
260	obs_cycE__nuc_median	wt	0.15943585756732617	40890
261	obs_cycE__nuc_median	wt	0.15590105987027275	41595
262	obs_cycE__nuc_median	wt	0.15261621242812318	42300
263	obs_cycE__nuc_median	wt	0.1495613634021258	43005
264	obs_cycE__nuc_median	wt	0.14671871894006178	43710
265	obs_cycE__nuc_median	wt	0.1440723435632133	44415
266	obs_cycE__nuc_median	wt	0.1416078956178837	45120
267	obs_cycE__nuc_median	wt	0.13931239211202662	45825
268	obs_cycE__nuc_median	wt	0.137173980390786	46530
269	obs_cycE__nuc_median	wt	0.13518171476203547	47235
270	obs_cycE__nuc_median	wt	0.13332530948230117	47940
271	obs_cycE__nuc_median	wt	0.13159483830802104	48645
272	obs_cycE__nuc_median	wt	0.1299803217891274	49350
273	obs_cycE__nuc_median	wt	0.12847108908449273	50055
274	obs_cycE__nuc_median	wt	0.1270546785323665	50760
275	obs_cycE__nuc_median	wt	0.12571473647586004	51465
276	obs_cycE__nuc_median	wt	0.12442654298357644	52170
277	obs_cycE__nuc_median	wt	0.12314618031424357	52875
278	obs_cycE__nuc_median	wt	0.12177946025564847	53580
279	obs_cycE__nuc_median	wt	0.12006768787351485	54285
280	obs_cycE__nuc_median	wt	0.1169645859536286	54990
281	obs_cycE__nuc_median	wt	0.10596270986640752	55695
282	obs_cycE__nuc_median	wt	0.08080009139443596	56400
283	obs_cycE__nuc_median	wt	0.06134264811200792	57105
284	obs_cycE__nuc_median	wt	0.05301278152642973	57810
285	obs_cycE__nuc_median	wt	0.051979491974188934	58515
286	obs_cycE__nuc_median	wt	0.05558142996368785	59220
287	obs_cycE__nuc_median	wt	0.06269450812953148	59925
288	obs_cycE__nuc_median	wt	0.07292316964935391	60630
289	obs_cycE__nuc_median	wt	0.08614288832735219	61335
290	obs_cycE__nuc_median	wt	0.10225017206507327	62040
291	obs_cycE__nuc_median	wt	0.12099102250969865	62745
292	obs_cycE__nuc_median	wt	0.14189960673884755	63450
293	obs_cycE__nuc_median	wt	0.16439103386908993	64155
294	obs_cycE__nuc_median	wt	0.18793507627130862	64860
295	obs_cycE__nuc_median	wt	0.21221284881323976	65565
296	obs_cycE__nuc_median	wt	0.23720166893071473	66270
297	obs_cycE__nuc_median	wt	0.2631565137134944	66975
298	obs_cycE__nuc_median	wt	0.2904950029635623	67680
299	obs_cycE__nuc_median	wt	0.319666230353632	68385
300	obs_cycE__nuc_median	wt	0.3510935399762281	69090
301	obs_cycE__nuc_median	wt	0.3852027812137589	69795
302	obs_cycE__nuc_median	wt	0.4225178740651819	70500
303	obs_E2F1__nuc_median	wt	0.18041299	0
304	obs_E2F1__nuc_median	wt	0.19699643543337952	705
305	obs_E2F1__nuc_median	wt	0.21539947643493307	1410
306	obs_E2F1__nuc_median	wt	0.23598489608121925	2115
307	obs_E2F1__nuc_median	wt	0.25916996693365546	2820
308	obs_E2F1__nuc_median	wt	0.28535957800811895	3525
309	obs_E2F1__nuc_median	wt	0.3148539784915556	4230
310	obs_E2F1__nuc_median	wt	0.3477449162132982	4935
311	obs_E2F1__nuc_median	wt	0.3838530868075592	5640
312	obs_E2F1__nuc_median	wt	0.42274943334554677	6345
313	obs_E2F1__nuc_median	wt	0.46384678897655274	7050
314	obs_E2F1__nuc_median	wt	0.5065076810238012	7755
315	obs_E2F1__nuc_median	wt	0.5501248955140307	8460
316	obs_E2F1__nuc_median	wt	0.594163857498571	9165
317	obs_E2F1__nuc_median	wt	0.6381760573261573	9870
318	obs_E2F1__nuc_median	wt	0.6817960558501054	10575
319	obs_E2F1__nuc_median	wt	0.7247314389376113	11280
320	obs_E2F1__nuc_median	wt	0.7667507987313442	11985
321	obs_E2F1__nuc_median	wt	0.8076721782786038	12690
322	obs_E2F1__nuc_median	wt	0.8473528071750842	13395
323	obs_E2F1__nuc_median	wt	0.8856803415718616	14100
324	obs_E2F1__nuc_median	wt	0.9225654647645277	14805
325	obs_E2F1__nuc_median	wt	0.9579356161649979	15510
326	obs_E2F1__nuc_median	wt	0.9917295820318714	16215
327	obs_E2F1__nuc_median	wt	1.0238927358518735	16920
328	obs_E2F1__nuc_median	wt	1.0543727509530518	17625
329	obs_E2F1__nuc_median	wt	1.083115723196167	18330
330	obs_E2F1__nuc_median	wt	1.1100627885249175	19035
331	obs_E2F1__nuc_median	wt	1.135147576659291	19740
332	obs_E2F1__nuc_median	wt	1.158295182251421	20445
333	obs_E2F1__nuc_median	wt	1.1794235641091961	21150
334	obs_E2F1__nuc_median	wt	1.1984481162933545	21855
335	obs_E2F1__nuc_median	wt	1.2152891600510154	22560
336	obs_E2F1__nuc_median	wt	1.229880594105292	23265
337	obs_E2F1__nuc_median	wt	1.2421771406119435	23970
338	obs_E2F1__nuc_median	wt	1.2521583546849435	24675
339	obs_E2F1__nuc_median	wt	1.2598292989417952	25380
340	obs_E2F1__nuc_median	wt	1.2652189014827888	26085
341	obs_E2F1__nuc_median	wt	1.2683771704586162	26790
342	obs_E2F1__nuc_median	wt	1.269372070135301	27495
343	obs_E2F1__nuc_median	wt	1.2682864513393084	28200
344	obs_E2F1__nuc_median	wt	1.265215221830268	28905
345	obs_E2F1__nuc_median	wt	1.2602627481164106	29610
346	obs_E2F1__nuc_median	wt	1.2535405272732665	30315
347	obs_E2F1__nuc_median	wt	1.2451650931320632	31020
348	obs_E2F1__nuc_median	wt	1.2352561382082439	31725
349	obs_E2F1__nuc_median	wt	1.2239348356314732	32430
350	obs_E2F1__nuc_median	wt	1.2113223474050006	33135
351	obs_E2F1__nuc_median	wt	1.1975385029495207	33840
352	obs_E2F1__nuc_median	wt	1.182700639804873	34545
353	obs_E2F1__nuc_median	wt	1.1669225896428135	35250
354	obs_E2F1__nuc_median	wt	1.1503138087901823	35955
355	obs_E2F1__nuc_median	wt	1.1329786242514752	36660
356	obs_E2F1__nuc_median	wt	1.1150156123979966	37365
357	obs_E2F1__nuc_median	wt	1.0965170757994915	38070
358	obs_E2F1__nuc_median	wt	1.0775686107018996	38775
359	obs_E2F1__nuc_median	wt	1.0582487461625298	39480
360	obs_E2F1__nuc_median	wt	1.0386286714213089	40185
361	obs_E2F1__nuc_median	wt	1.0187719459443092	40890
362	obs_E2F1__nuc_median	wt	0.9987342975422804	41595
363	obs_E2F1__nuc_median	wt	0.978563391628777	42300
364	obs_E2F1__nuc_median	wt	0.958298564073349	43005
365	obs_E2F1__nuc_median	wt	0.9379704876634181	43710
366	obs_E2F1__nuc_median	wt	0.9176007100062427	44415
367	obs_E2F1__nuc_median	wt	0.8972010235008727	45120
368	obs_E2F1__nuc_median	wt	0.8767724956496016	45825
369	obs_E2F1__nuc_median	wt	0.8563041090854749	46530
370	obs_E2F1__nuc_median	wt	0.835770708679787	47235
371	obs_E2F1__nuc_median	wt	0.815129926622915	47940
372	obs_E2F1__nuc_median	wt	0.7943174810165128	48645
373	obs_E2F1__nuc_median	wt	0.7732397916584813	49350
374	obs_E2F1__nuc_median	wt	0.7517620106352386	50055
375	obs_E2F1__nuc_median	wt	0.7296877400284776	50760
376	obs_E2F1__nuc_median	wt	0.7067226523531503	51465
377	obs_E2F1__nuc_median	wt	0.6824042690100263	52170
378	obs_E2F1__nuc_median	wt	0.6559522986384045	52875
379	obs_E2F1__nuc_median	wt	0.625903274879561	53580
380	obs_E2F1__nuc_median	wt	0.5890254240098709	54285
381	obs_E2F1__nuc_median	wt	0.5360168542381627	54990
382	obs_E2F1__nuc_median	wt	0.4338143040317225	55695
383	obs_E2F1__nuc_median	wt	0.2820606475479238	56400
384	obs_E2F1__nuc_median	wt	0.1683355606682361	57105
385	obs_E2F1__nuc_median	wt	0.10523729595268022	57810
386	obs_E2F1__nuc_median	wt	0.07413505106355985	58515
387	obs_E2F1__nuc_median	wt	0.06010805991686316	59220
388	obs_E2F1__nuc_median	wt	0.05489975147114969	59925
389	obs_E2F1__nuc_median	wt	0.05438252574841512	60630
390	obs_E2F1__nuc_median	wt	0.05653245364184814	61335
391	obs_E2F1__nuc_median	wt	0.060335135183302954	62040
392	obs_E2F1__nuc_median	wt	0.06525929988778971	62745
393	obs_E2F1__nuc_median	wt	0.07101293350931409	63450
394	obs_E2F1__nuc_median	wt	0.07743431483430174	64155
395	obs_E2F1__nuc_median	wt	0.08444700544879695	64860
396	obs_E2F1__nuc_median	wt	0.09203815243878327	65565
397	obs_E2F1__nuc_median	wt	0.10023748226115423	66270
398	obs_E2F1__nuc_median	wt	0.109091801505696	66975
399	obs_E2F1__nuc_median	wt	0.11864429857391683	67680
400	obs_E2F1__nuc_median	wt	0.1289315027820204	68385
401	obs_E2F1__nuc_median	wt	0.140001951348441	69090
402	obs_E2F1__nuc_median	wt	0.15196039738490422	69795
403	obs_E2F1__nuc_median	wt	0.16511504900415278	70500
404	obs_pRB__nuc_median	wt	1.68149088	0
405	obs_pRB__nuc_median	wt	1.687258252400884	705
406	obs_pRB__nuc_median	wt	1.6940382472340907	1410
407	obs_pRB__nuc_median	wt	1.701481974984263	2115
408	obs_pRB__nuc_median	wt	1.70953666734575	2820
409	obs_pRB__nuc_median	wt	1.7181161839398253	3525
410	obs_pRB__nuc_median	wt	1.727033246244384	4230
411	obs_pRB__nuc_median	wt	1.735983190649262	4935
412	obs_pRB__nuc_median	wt	1.7445835324085526	5640
413	obs_pRB__nuc_median	wt	1.752458449396196	6345
414	obs_pRB__nuc_median	wt	1.7593220934728315	7050
415	obs_pRB__nuc_median	wt	1.765019500578145	7755
416	obs_pRB__nuc_median	wt	1.76952096561836	8460
417	obs_pRB__nuc_median	wt	1.7728908716476413	9165
418	obs_pRB__nuc_median	wt	1.7752520892850783	9870
419	obs_pRB__nuc_median	wt	1.7767563594824372	10575
420	obs_pRB__nuc_median	wt	1.7775633616792275	11280
421	obs_pRB__nuc_median	wt	1.7778273224640064	11985
422	obs_pRB__nuc_median	wt	1.7776893100231468	12690
423	obs_pRB__nuc_median	wt	1.7772735977446148	13395
424	obs_pRB__nuc_median	wt	1.7766869194820345	14100
425	obs_pRB__nuc_median	wt	1.7760197779258378	14805
426	obs_pRB__nuc_median	wt	1.7753491754863142	15510
427	obs_pRB__nuc_median	wt	1.7747422873312757	16215
428	obs_pRB__nuc_median	wt	1.7742606466547968	16920
429	obs_pRB__nuc_median	wt	1.7739644283812486	17625
430	obs_pRB__nuc_median	wt	1.7739162903114347	18330
431	obs_pRB__nuc_median	wt	1.77418396918165	19035
432	obs_pRB__nuc_median	wt	1.7748403888935782	19740
433	obs_pRB__nuc_median	wt	1.7759596943721394	20445
434	obs_pRB__nuc_median	wt	1.7776081376453632	21150
435	obs_pRB__nuc_median	wt	1.7798308751258047	21855
436	obs_pRB__nuc_median	wt	1.782639020347614	22560
437	obs_pRB__nuc_median	wt	1.7860027673651326	23265
438	obs_pRB__nuc_median	wt	1.789853730922117	23970
439	obs_pRB__nuc_median	wt	1.794095337888269	24675
440	obs_pRB__nuc_median	wt	1.7986173539399062	25380
441	obs_pRB__nuc_median	wt	1.8033101901912694	26085
442	obs_pRB__nuc_median	wt	1.8080756005957448	26790
443	obs_pRB__nuc_median	wt	1.8128323681318215	27495
444	obs_pRB__nuc_median	wt	1.8175176084810392	28200
445	obs_pRB__nuc_median	wt	1.8220852902870275	28905
446	obs_pRB__nuc_median	wt	1.8265034924690784	29610
447	obs_pRB__nuc_median	wt	1.8307514488202754	30315
448	obs_pRB__nuc_median	wt	1.8348168792955584	31020
449	obs_pRB__nuc_median	wt	1.8386937862164991	31725
450	obs_pRB__nuc_median	wt	1.8423807184493803	32430
451	obs_pRB__nuc_median	wt	1.8458794466692026	33135
452	obs_pRB__nuc_median	wt	1.8491939649758677	33840
453	obs_pRB__nuc_median	wt	1.852329751154959	34545
454	obs_pRB__nuc_median	wt	1.8552932229471786	35250
455	obs_pRB__nuc_median	wt	1.8580913411711493	35955
456	obs_pRB__nuc_median	wt	1.8607313250335529	36660
457	obs_pRB__nuc_median	wt	1.863220447980672	37365
458	obs_pRB__nuc_median	wt	1.8655658957472245	38070
459	obs_pRB__nuc_median	wt	1.8677746695015809	38775
460	obs_pRB__nuc_median	wt	1.8698535227760997	39480
461	obs_pRB__nuc_median	wt	1.8718089218282454	40185
462	obs_pRB__nuc_median	wt	1.8736470272066879	40890
463	obs_pRB__nuc_median	wt	1.8753736864870285	41595
464	obs_pRB__nuc_median	wt	1.876994439691393	42300
465	obs_pRB__nuc_median	wt	1.8785145340093266	43005
466	obs_pRB__nuc_median	wt	1.8799389474445738	43710
467	obs_pRB__nuc_median	wt	1.88127242256502	44415
468	obs_pRB__nuc_median	wt	1.8825195128515606	45120
469	obs_pRB__nuc_median	wt	1.883684648387914	45825
470	obs_pRB__nuc_median	wt	1.8847722286687687	46530
471	obs_pRB__nuc_median	wt	1.885786762882471	47235
472	obs_pRB__nuc_median	wt	1.8867330877970823	47940
473	obs_pRB__nuc_median	wt	1.8876167237686619	48645
474	obs_pRB__nuc_median	wt	1.88844448316526	49350
475	obs_pRB__nuc_median	wt	1.8892255663528619	50055
476	obs_pRB__nuc_median	wt	1.8899736534869063	50760
477	obs_pRB__nuc_median	wt	1.8907111864442705	51465
478	obs_pRB__nuc_median	wt	1.8914789142788864	52170
479	obs_pRB__nuc_median	wt	1.8923596396563869	52875
480	obs_pRB__nuc_median	wt	1.8935464441032148	53580
481	obs_pRB__nuc_median	wt	1.8955804675485002	54285
482	obs_pRB__nuc_median	wt	1.9003865502375161	54990
483	obs_pRB__nuc_median	wt	1.9128263707492192	55695
484	obs_pRB__nuc_median	wt	1.9135320802381661	56400
485	obs_pRB__nuc_median	wt	1.8986097397760822	57105
486	obs_pRB__nuc_median	wt	1.8763824621269876	57810
487	obs_pRB__nuc_median	wt	1.8492209701421398	58515
488	obs_pRB__nuc_median	wt	1.8194055864018381	59220
489	obs_pRB__nuc_median	wt	1.7895308358247406	59925
490	obs_pRB__nuc_median	wt	1.7619610065370381	60630
491	obs_pRB__nuc_median	wt	1.7382701055819838	61335
492	obs_pRB__nuc_median	wt	1.7190980184880198	62040
493	obs_pRB__nuc_median	wt	1.7043417670849172	62745
494	obs_pRB__nuc_median	wt	1.6933243248551646	63450
495	obs_pRB__nuc_median	wt	1.6850256931706198	64155
496	obs_pRB__nuc_median	wt	1.6785046081253556	64860
497	obs_pRB__nuc_median	wt	1.6732778362501004	65565
498	obs_pRB__nuc_median	wt	1.669402258550944	66270
499	obs_pRB__nuc_median	wt	1.6671995859204813	66975
500	obs_pRB__nuc_median	wt	1.6668455758099654	67680
501	obs_pRB__nuc_median	wt	1.6681770537552283	68385
502	obs_pRB__nuc_median	wt	1.6707932678878303	69090
503	obs_pRB__nuc_median	wt	1.674198046933105	69795
504	obs_pRB__nuc_median	wt	1.6776679293537988	70500
